﻿"Cube Title","Product Id","CANSIM Id",URL,"Cube Notes","Archive Status",Frequency,"Start Reference Period","End Reference Period","Total number of dimensions"
"International travellers entering or returning to Canada, by type of transport",24100041,427-0001,"https://www150.statcan.gc.ca/t1/tbl1/en/tv.action?pid=2410004101",1;7;10;11;13;14,"CURRENT - a cube available to the public and that is current",Monthly,1972-01-01,2018-09-01,2

"Dimension ID","Dimension name","Dimension Notes","Dimension Definitions"
1,Geography,,
2,"Traveller characteristics",,

"Dimension ID","Member Name","Classification Code","Member ID","Parent Member ID",Terminated,"Member Notes","Member Definitions"
1,Canada,[11124],1,,,,
1,"Newfoundland and Labrador",[10],2,1,,,
1,"Argentia, Newfoundland and Labrador",,3,2,,,
1,"Botwood, Newfoundland and Labrador",,4,2,,,
1,"Clarenville, Newfoundland and Labrador",,5,2,,,
1,"Cornerbrook, Newfoundland and Labrador",,6,2,,,
1,"Fortune, Newfoundland and Labrador",,7,2,,,
1,"Gander, Newfoundland and Labrador",,8,2,,,
1,"Goose Bay, Newfoundland and Labrador",,9,2,,,
1,"Grand Falls, Newfoundland and Labrador",,10,2,,,
1,"Harbour Grace, Newfoundland and Labrador",,11,2,,,
1,"Stephenville, Newfoundland and Labrador",,12,2,,,
1,"St. John's, Newfoundland and Labrador",,13,2,,,
1,"Prince Edward Island",[11],14,1,,,
1,"Charlottetown, Prince Edward Island",,15,14,,,
1,"Summerside, Prince Edward Island",,16,14,,,
1,"Nova Scotia",[12],17,1,,,
1,"Amherst, Nova Scotia",,18,17,,,
1,"Halifax, Nova Scotia",,19,17,,14,
1,"Kentville, Nova Scotia",,20,17,,,
1,"Liverpool, Nova Scotia",,21,17,,,
1,"Lunenburg, Nova Scotia",,22,17,,,
1,"New Glasgow, Nova Scotia",,23,17,,,
1,"Port Hawkesbury, Nova Scotia",,24,17,,,
1,"Shelburne, Nova Scotia",,25,17,,,
1,"Sydney, Nova Scotia",,26,17,,,
1,"Yarmouth, Nova Scotia",,27,17,,,
1,"New Brunswick",[13],28,1,,,
1,"Andover, New Brunswick",,29,28,,,
1,"Bathurst, New Brunswick",,30,28,,,
1,"Bloomfield, New Brunswick",,31,28,,,
1,"Campobello, New Brunswick",,32,28,,,
1,"Centreville, New Brunswick",,33,28,,,
1,"Clair, New Brunswick",,34,28,,,
1,"Dalhousie, New Brunswick",,35,28,,,
1,"Edmundston, New Brunswick",,36,28,,,
1,"Forest City, New Brunswick",,37,28,,,
1,"Fosterville, New Brunswick",,38,28,,,
1,"Fredericton, New Brunswick",,39,28,,,
1,"Gillespie, New Brunswick",,40,28,,,
1,"Grand Falls / Grand-Sault, New Brunswick",,41,28,,,
1,"Grand Manan, New Brunswick",,42,28,,,
1,"McAdam, New Brunswick",,43,28,,,
1,"Milltown, New Brunswick",,44,28,,,
1,"Moncton, New Brunswick",,45,28,,,
1,"Miramichi, New Brunswick",,46,28,,,
1,"River de Chute, New Brunswick",,47,28,,,
1,"Saint John, New Brunswick",,48,28,,,
1,"St. Andrews, New Brunswick",,49,28,,,
1,"St. Croix, New Brunswick",,50,28,,,
1,"St. Leonard, New Brunswick",,51,28,,,
1,"St. Stephen, New Brunswick",,52,28,,,
1,"Woodstock Road, New Brunswick",,53,28,,,
1,Quebec,[24],54,1,,,
1,"Abercorn, Quebec",,55,54,,,
1,"Armstrong, Quebec",,56,54,,,
1,"Baie-Comeau, Quebec",,57,54,,,
1,"Beebe, Quebec",,58,54,,,
1,"Cap-aux-meules, Quebec",,59,54,,,
1,"Chartierville, Quebec",,60,54,,,
1,"Chicoutimi, Quebec",,61,54,,,
1,"Clarenceville, Quebec",,62,54,,,
1,"Covey Hill, Quebec",,63,54,,,
1,"Daaquam, Quebec",,64,54,,,
1,"Drummondville, Quebec",,65,54,,,
1,"Dundee, Quebec",,66,54,,,
1,"East Hereford, Quebec",,67,54,,,
1,"East Pinnacle, Quebec",,68,54,,,
1,"Franklin Centre, Quebec",,69,54,,,
1,"Frelighsburg, Quebec",,70,54,,,
1,"Gaspé, Quebec",,71,54,,,
1,"Glen Sutton, Quebec",,72,54,,,
1,"Granby, Quebec",,73,54,,,
1,"Hemmingford, Quebec",,74,54,,,
1,"Herdman, Quebec",,75,54,,,
1,"Hereford Road, Quebec",,76,54,,,
1,"Highwater, Quebec",,77,54,,,
1,"Huntingdon, Quebec",,78,54,,,
1,"Jamieson's Line, Quebec",,79,54,,,
1,"Jean Lesage Airport, Quebec",,80,54,,14,
1,"Lac Megantic, Quebec",,81,54,,,
1,"Lachute, Quebec",,82,54,,,
1,"Lacolle Route 15, Quebec",,83,54,,,
1,"Lacolle Route 221, Quebec",,84,54,,,
1,"Lacolle Route 223, Quebec",,85,54,,,
1,"Montréal-Pierre-Elliot-Trudeau, Quebec",,86,54,,14,
1,"Montréal-Seaport, Quebec",,87,54,,,
1,"Montréal-Mirabel, Quebec",,88,54,,,
1,"Morses Lines, Quebec",,89,54,,,
1,"Noyan, Quebec",,90,54,,,
1,"Phillipsburg, Quebec",,91,54,,,
1,"Pohenegamook, Quebec",,92,54,,,
1,"Quebec Seaport, Quebec",,93,54,,,
1,"Richmond, Quebec",,94,54,,,
1,"Rimouski, Quebec",,95,54,,,
1,"Rivière-du-Loup, Quebec",,96,54,,,
1,"Rock Island Route 55, Quebec",,97,54,,12,
1,"Rock Island Route 143, Quebec",,98,54,,,
1,"St. Hubert, Quebec",,99,54,,,
1,"St. Jean, Quebec",,100,54,,,
1,"St. Pamphile, Quebec",,101,54,,,
1,"Ste. Aurelie, Quebec",,102,54,,,
1,"Sept-Iles, Quebec",,103,54,,,
1,"Shawinigan, Quebec",,104,54,,,
1,"Sherbrooke, Quebec",,105,54,,,
1,"Sorel, Quebec",,106,54,,,
1,"Stanhope, Quebec",,107,54,,,
1,"Trois-Rivières, Quebec",,108,54,,,
1,"Trout River, Quebec",,109,54,,,
1,"Val-d'Or, Quebec",,110,54,,,
1,"Valleyfield, Quebec",,111,54,,,
1,"Woburn, Quebec",,112,54,,,
1,Ontario,[35],113,1,,,
1,"Barrie, Ontario",,114,113,,,
1,"Belleville/Napanee, Ontario",,115,113,,,
1,"Bracebridge, Ontario",,116,113,,,
1,"Brantford, Ontario",,117,113,,,
1,"Brockville, Ontario",,118,113,,,
1,"Chatham, Ontario",,119,113,,,
1,"Collingwood, Ontario",,120,113,,,
1,"Cornwall, Ontario",,121,113,,6,
1,"Cyclone Island, Ontario",,122,113,,,
1,"Fort Erie, Ontario",,123,113,,,
1,"Fort Frances, Ontario",,124,113,,,
1,"Goderich, Ontario",,125,113,,,
1,"Gore Bay, Ontario",,126,113,,,
1,"Guelph, Ontario",,127,113,,,
1,"Hamilton, Ontario",,128,113,,,
1,"Kenora, Ontario",,129,113,,,
1,"Kingston, Ontario",,130,113,,,
1,"Kitchener, Ontario",,131,113,,,
1,"Lansdowne, Ontario",,132,113,,,
1,"Leamington, Ontario",,133,113,,,
1,"Lindsay, Ontario",,134,113,,,
1,"London, Ontario",,135,113,,,
1,"Macdonald-Cartier International Airport, Ottawa, Ontario",,136,113,,14,
1,"Meldrum Bay, Ontario",,137,113,,,
1,"Midland, Ontario",,138,113,,,
1,"Newmarket, Ontario",,139,113,,,
1,"Niagara Falls Rainbow, Ontario",,140,113,,,
1,"Niagara Falls Whirlpool, Ontario",,141,113,,,
1,"Niagara Falls Queenston, Ontario",,142,113,,,
1,"North Bay, Ontario",,143,113,,,
1,"Orillia, Ontario",,144,113,,,
1,"Oshawa, Ontario",,145,113,,,
1,"Owen Sound, Ontario",,146,113,,,
1,"Pelee Island, Ontario",,147,113,,,
1,"Pembroke, Ontario",,148,113,,,
1,"Peterborough, Ontario",,149,113,,,
1,"Pigeon River, Ontario",,150,113,,,
1,"Prairie Portage, Ontario",,151,113,,,
1,"Prescott, Ontario",,152,113,,,
1,"Rainy River, Ontario",,153,113,,,
1,"Saganaga Lake, Ontario",,154,113,,,
1,"Sand Bay, Ontario",,155,113,,,
1,"Sand Point Lake, Ontario",,156,113,,,
1,"Sarnia, Ontario",,157,113,,,
1,"Sault Ste. Marie, Ontario",,158,113,,,
1,"Smith Falls, Ontario",,159,113,,,
1,"Sombra, Ontario",,160,113,,,
1,"Stratford, Ontario",,161,113,,,
1,"St. Thomas, Ontario",,162,113,,,
1,"Greater Sudbury / Grand Sudbury, Ontario",,163,113,,,
1,"Thunder Bay, Ontario",,164,113,,,
1,"Tillsonburg, Ontario",,165,113,,,
1,"Timmins, Ontario",,166,113,,,
1,"Toronto International Airport T1, Ontario",,167,113,,,
1,"Toronto International Airport T2, Ontario",,168,113,,,
1,"Toronto International Airport T3, Ontario",,169,113,,14,
1,"Toronto Seaport/Island Airport, Ontario",,170,113,,14,
1,"Trenton, Ontario",,171,113,,,
1,"Wallaceburg, Ontario",,172,113,,,
1,"Walpole Island, Ontario",,173,113,,,
1,"Windsor Tunnel, Ontario",,174,113,,,
1,Manitoba,[46],175,1,,5,
1,"Boissevain, Manitoba",,176,175,,,
1,"Cartwright, Manitoba",,177,175,,,
1,"Churchill, Manitoba",,178,175,,,
1,"Coulter, Manitoba",,179,175,,,
1,"Crystal City, Manitoba",,180,175,,,
1,"Emerson East, Manitoba",,181,175,,,
1,"Emerson-West Lynne, Manitoba",,182,175,,,
1,"Goodlands, Manitoba",,183,175,,,
1,"Gretna, Manitoba",,184,175,,,
1,"Lena, Manitoba",,185,175,,,
1,"Lyleton, Manitoba",,186,175,,,
1,"Piney, Manitoba",,187,175,,,
1,"Snowflake, Manitoba",,188,175,,,
1,"South Junction, Manitoba",,189,175,,,
1,"Sprague, Manitoba",,190,175,,,
1,"Tolstoi, Manitoba",,191,175,,,
1,"Windygates, Manitoba",,192,175,,,
1,"Winkler, Manitoba",,193,175,,,
1,"Winnipeg, Manitoba",,194,175,,5;14,
1,Saskatchewan,[47],195,1,,,
1,"Big Beaver, Saskatchewan",,196,195,,,
1,"Carievale, Saskatchewan",,197,195,,,
1,"Climax, Saskatchewan",,198,195,,,
1,"Coronach, Saskatchewan",,199,195,,,
1,"Estevan, Saskatchewan",,200,195,,,
1,"John Diefenbaker Airport, Saskatoon, Saskatchewan",,201,195,,,
1,"Monchy, Saskatchewan",,202,195,,,
1,"Moose Jaw, Saskatchewan",,203,195,,,
1,"Northgate, Saskatchewan",,204,195,,,
1,"North Portal, Saskatchewan",,205,195,,,
1,"Oungre, Saskatchewan",,206,195,,,
1,"Prince Albert, Saskatchewan",,207,195,,,
1,"Regina, Saskatchewan",,208,195,,,
1,"Regway, Saskatchewan",,209,195,,,
1,"Torquay, Saskatchewan",,210,195,,,
1,"West Poplar River, Saskatchewan",,211,195,,,
1,"Willow Creek, Saskatchewan",,212,195,,,
1,Alberta,[48],213,1,,,
1,"Aden, Alberta",,214,213,,,
1,"Calgary, Alberta",,215,213,,,
1,"Carway, Alberta",,216,213,,,
1,"Chief Mountain, Alberta",,217,213,,,
1,"Coutts, Alberta",,218,213,,,
1,"Del Bonita, Alberta",,219,213,,,
1,"Edmonton, Alberta",,220,213,,8,
1,"Lethbridge, Alberta",,221,213,,,
1,"Medicine Hat, Alberta",,222,213,,,
1,"Wild Horse, Alberta",,223,213,,,
1,"British Columbia",[59],224,1,,,
1,"Aldergrove, British Columbia",,225,224,,12,
1,"Bedwell Harbour, British Columbia",,226,224,,,
1,"Boundary Bay, British Columbia",,227,224,,,
1,"Campbell River, British Columbia",,228,224,,,
1,"Carson, British Columbia",,229,224,,,
1,"Cascade, British Columbia",,230,224,,,
1,"Chopaka, British Columbia",,231,224,,,
1,"Courtenay, British Columbia",,232,224,,,
1,"Cranbrook, British Columbia",,233,224,,,
1,"Douglas, British Columbia",,234,224,,,
1,"Huntingdon, British Columbia",,235,224,,9,
1,"Kamloops, British Columbia",,236,224,,,
1,"Kelowna, British Columbia",,237,224,,,
1,"Kingsgate, British Columbia",,238,224,,,
1,"Kitimat, British Columbia",,239,224,,,
1,"Midway, British Columbia",,240,224,,,
1,"Nanaimo, British Columbia",,241,224,,,
1,"Nelway, British Columbia",,242,224,,,
1,"Osoyoos, British Columbia",,243,224,,,
1,"Pacific Highway, British Columbia",,244,224,,,
1,"Paterson, British Columbia",,245,224,,,
1,"Penticton, British Columbia",,246,224,,,
1,"Port Alberni, British Columbia",,247,224,,,
1,"Powell River, British Columbia",,248,224,,,
1,"Prince George, British Columbia",,249,224,,,
1,"Prince Rupert, British Columbia",,250,224,,,
1,"Roosville, British Columbia",,251,224,,,
1,"Rykerts, British Columbia",,252,224,,,
1,"Sidney, British Columbia",,253,224,,,
1,"Stewart, British Columbia",,254,224,,,
1,"Trail, British Columbia",,255,224,,,
1,"Vancouver Airport, British Columbia",,256,224,,14,
1,"Vancouver Seaport, British Columbia",,257,224,,,
1,"Victoria, British Columbia",,258,224,,,
1,"Waneta, British Columbia",,259,224,,,
1,Yukon,[60],260,1,,,
1,"Beaver Creek, Yukon",,261,260,,,
1,"Dawson/Little Gold, Yukon",,262,260,,,
1,"Old Crow, Yukon",,263,260,,,
1,"Pleasant Camp, Yukon",,264,260,,,
1,"Whitehorse, Yukon",,265,260,,,
1,Nunavut,[62],266,1,,,
1,"Iqaluit, Nunavut",,267,266,,,
1,"Rivière-Rouge/Mont-Tremblant, Quebec",,268,54,,,
1,"St. Stephen 3rd Bridge, New Brunswick",,269,28,,,
1,"Fort McMurray, Alberta",,270,213,,8,
1,"St. Zacharie, Quebec",,271,54,,15,
1,"Four Falls, New Brunswick",,272,28,,,
1,"Point Alexandria, Ontario",,273,113,,,
2,"Total international travellers",,1,,,,
2,"Total non-resident travellers",,2,1,,,
2,"United States residents entering Canada",,3,2,,2,
2,"United States residents entering Canada, automobile",,4,3,,,
2,"United States residents entering Canada, automobile, same day",,5,4,,,
2,"United States residents entering Canada, automobile, one night",,6,4,,,
2,"United States residents entering Canada, automobile, two or more nights",,7,4,,,
2,"United States residents entering Canada, plane",,8,3,,,
2,"United States residents entering Canada, plane, commercial",,9,8,,,
2,"United States residents entering Canada, plane, commercial, same day",,10,9,,,
2,"United States residents entering Canada, plane, commercial, one or more nights",,11,9,,,
2,"United States residents entering Canada, plane, private",,12,8,,,
2,"United States residents entering Canada, plane, private, same day",,13,12,,,
2,"United States residents entering Canada, plane, private, one or more nights",,14,12,,,
2,"United States residents entering Canada, train",,15,3,,,
2,"United States residents entering Canada, train, same day",,16,15,,,
2,"United States residents entering Canada, train, one or more nights",,17,15,,,
2,"United States residents entering Canada, bus",,18,3,,,
2,"United States residents entering Canada, bus, same day",,19,18,,,
2,"United States residents entering Canada, bus, one or more nights",,20,18,,,
2,"United States residents entering Canada, boat",,21,3,,,
2,"United States residents entering Canada, boat, commercial",,22,21,,,
2,"United States residents entering Canada, boat, commercial, same day",,23,22,,,
2,"United States residents entering Canada, boat, commercial, one or more nights",,24,22,,,
2,"United States residents entering Canada, boat, private",,25,21,,,
2,"United States residents entering Canada, boat, private, same day",,26,25,,,
2,"United States residents entering Canada, boat, private, one or more nights",,27,25,,,
2,"United States residents entering Canada, other methods",,28,3,,,
2,"United States residents entering Canada, other methods, pedestrians",,29,28,,,
2,"United States residents entering Canada, other methods, pedestrians, same day",,30,29,,,
2,"United States residents entering Canada, other methods, pedestrians, one or more nights",,31,29,,,
2,"United States residents entering Canada, other methods, other vehicles",,32,28,,,
2,"United States residents entering Canada, other methods, other vehicles, same day",,33,32,,,
2,"United States residents entering Canada, other methods, other vehicles, one or more nights",,34,32,,,
2,"Residents of countries other than United States entering Canada",,35,2,,19,
2,"Residents of countries other than United States entering Canada, land",,36,35,,19,
2,"Residents of countries other than United States entering Canada, land, same day",,37,36,,19,
2,"Residents of countries other than United States entering Canada, land, one or more nights",,38,36,,19,
2,"Residents of countries other than United States entering Canada, air",,39,35,,,
2,"Residents of countries other than United States entering Canada, air, air direct",,40,39,,,
2,"Residents of countries other than United States entering Canada, air, air via United States",,41,39,,,
2,"Residents of countries other than United States entering Canada, sea",,42,35,,,
2,"Residents of countries other than United States entering Canada, sea, sea direct",,43,42,,,
2,"Residents of countries other than United States entering Canada, sea, sea via United States",,44,42,,,
2,"Total Canadian residents",,45,1,,,
2,"Canadian residents returning from the United States",,46,45,,3;16,
2,"Canadian residents returning from the United States, automobile",,47,46,,,
2,"Canadian residents returning from the United States, automobile, same day",,48,47,,,
2,"Canadian residents returning from the United States, automobile, one night",,49,47,,,
2,"Canadian residents returning from the United States, automobile, two or more nights",,50,47,,,
2,"Canadian residents returning from the United States, plane",,51,46,,16,
2,"Canadian residents returning from the United States, plane, commercial",,52,51,,,
2,"Canadian residents returning from the United States, plane, commercial, same day",,53,52,,,
2,"Canadian residents returning from the United States, plane, commercial, one or more nights",,54,52,,,
2,"Canadian residents returning from the United States, plane, private",,55,51,,,
2,"Canadian residents returning from the United States, plane, private, same day",,56,55,,,
2,"Canadian residents returning from the United States, plane, private, one or more nights",,57,55,,,
2,"Canadian residents returning from the United States, train",,58,46,,,
2,"Canadian residents returning from the United States, train, same day",,59,58,,,
2,"Canadian residents returning from the United States, train, one or more nights",,60,58,,,
2,"Canadian residents returning from the United States, bus",,61,46,,,
2,"Canadian residents returning from the United States, bus, same day",,62,61,,,
2,"Canadian residents returning from the United States, bus, one or more nights",,63,61,,,
2,"Canadian residents returning from the United States, boat",,64,46,,,
2,"Canadian residents returning from the United States, boat, commercial",,65,64,,,
2,"Canadian residents returning from the United States, boat, commercial, same day",,66,65,,,
2,"Canadian residents returning from the United States, boat, commercial, one or more nights",,67,65,,,
2,"Canadian residents returning from the United States, boat, private",,68,64,,,
2,"Canadian residents returning from the United States, boat, private, same day",,69,68,,,
2,"Canadian residents returning from the United States, boat, private, one or more nights",,70,68,,,
2,"Canadian residents returning from the United States, other methods",,71,46,,,
2,"Canadian residents returning from the United States, other methods, pedestrians",,72,71,,,
2,"Canadian residents returning from the United States, other methods, pedestrians, same day",,73,72,,,
2,"Canadian residents returning from the United States, other methods, pedestrians, one or more nights",,74,72,,,
2,"Canadian residents returning from the United States, other methods, other vehicles",,75,71,,,
2,"Canadian residents returning from the United States, other methods, other vehicles, same day",,76,75,,,
2,"Canadian residents returning from the United States, other methods, other vehicles, one or more nights",,77,75,,,
2,"Canadian residents returning from countries other than the United States",,78,45,,16,
2,"Canadian residents returning from countries other than the United States, land",,79,78,,,
2,"Canadian residents returning from countries other than the United States, air",,80,78,,16,
2,"Canadian residents returning from countries other than the United States, air, air direct",,81,80,,16,
2,"Canadian residents returning from countries other than the United States, air, air via United States",,82,80,,16,
2,"Canadian residents returning from countries other than the United States, sea",,83,78,,,
2,"Canadian residents returning from countries other than the United States, sea, sea direct",,84,83,,,
2,"Canadian residents returning from countries other than the United States, sea, sea via United States",,85,83,,,
2,"Total other travellers",,86,1,,17;18,
2,"Immigrants and former residents",,87,86,,17,
2,"Non-resident crews",,88,86,,4;18,
2,"Crews from United States",,89,88,,4;18,
2,"Crews from other countries",,90,88,,4;18,
2,"Canadian crews",,91,86,,4;18,

Symbol Legend
Description,Symbol
"not available for a specific reference period",..
"less than the limit of detection",<LOD
"value rounded to 0 (zero) where there is a meaningful distinction between true zero and the value that was rounded",0s
"data quality: excellent",A
"data quality: very good",B
"data quality: good",C
"data quality: acceptable",D
"use with caution",E
"too unreliable to be published.",F
"not applicable",...
preliminary,p
revised,r
"suppressed to meet the confidentiality requirements of the Statistics Act",x
terminated,t

"Survey Code","Survey Name"
5005,"Frontier Counts"

"Subject Code","Subject Name"
24,"Travel and tourism"

"Note ID",Note
1,"Covers the period 1972 to date monthly data. Prior to 1972 do not coincide with current definitions and methods of collection. Refer to publication 66-201 annual 1972 for further explanation. In 1976, Canadians returning from Hawaii were included in the United States whereas in previous years they were counted as returning from other countries."
2,"For United States residents entering Canada by commercial plane, train, commercial boat, pedestrians or others vehicles having a trip duration of same day, one night or two nights or more nights, data are estimated from a quarterly sample."
3,"For Canadian residents returning from the United States by commercial or private plane, train, commercial or private boat, pedestrians or other vehicles having a trip duration of same day, one night or two or more nights, data are estimated from a quarterly sample."
4,"For 1972, includes truck crew only. Immigrants, former residents and other crews were not available in 1972."
5,"Data for the Northwest Territories are reported with Winnipeg, Manitoba and are not available separately."
6,"Cornwall, Ontario was closed from June 1st to July 12th, 2009. Data from July 13th to July 30th, 2009 are not available."
7,"Travel data for NEXUS Highway, which is a program designed to expedite the border clearance process for low-risk, pre-approved travellers into Canada and the United States, are now included. Monthly data has been revised back to January 2010 to reflect this change."
8,"For the months of December 2012 and January 2013, data for Fort McMurray is included in Edmonton, Alberta."
9,"As of January 2013, counts for Huntingdon, British Columbia include NEXUS data."
10,"As of January 2014, improvements in data collection procedures at Rainbow Bridge have permitted a more accurate allocation of pedestrians entering Canada between Canadian residents and residents of Overseas countries, at this port."
11,"In 2013, Statistics Canada updated the method used to estimate the number of same-day and overnight commercial plane trips made by United States residents entering Canada via one of the following three airports: Pearson (Toronto), Trudeau (Montréal) and Vancouver. This change created a break in the time series on the number of same-day and overnight commercial air trips made by American residents entering Quebec, Ontario and British Columbia. Please note that the methodological update does not affect the total number of United States residents travelling to Canada by commercial air. The 2013 and 2014 data on the number of same-day and overnight commercial air trips made by United States residents, however, have been revised."
12,"As of April 2016, counts for Aldergrove, British Columbia and Rock Island Route 55, Quebec include NEXUS data."
13,"Effective April 20, 2017, this table now includes separate numbers for Nunavut that are presented for data back to January 2000. Also, the port of entry Iqaluit, Nunavut is no longer included in the Yukon totals for data back to January 2000."
14,"Data for Statistics Canada's Frontier Counts program are produced using administrative data received from the Canada Border Services Agency (CBSA) on all international travellers who have been cleared for entry or re-entry into Canada. This includes residents of Canada, the United States and overseas entering Canada from abroad. In 2017, the CBSA began introducing the electronic Primary Inspection Kiosk (PIK) system at airports in Canada. The PIK system replaces the E-311 Declaration Cards that are completed by international travellers to Canada. As of the end of December 2017, the PIK system was deployed at the following airports: Macdonald-Cartier, Ottawa (March 2017), Vancouver (April 2017), Toronto International Airport T3 (June 2017), Edmonton (September 2017), Halifax (October 2017), Montreal (November 2017), Quebec (December 2017), Billy Bishop Toronto City Airport (May 2018), and Winnipeg (June 2018). While awaiting receipt of PIK data, Statistics Canada prepared preliminary estimates for airports at which PIK has been deployed. These estimates were based on CBSA reports of total international travelers by airport, while the distribution between Canadian, US and travellers from individual overseas countries were modelled estimates based on historical data and trends, using methods similar to those used to do seasonal adjustment. Since January 2018, data for airports using PIK are based on PIK data. For March to December 2017, data for PIK airports are based on preliminary modelled estimates and will be revised at a later date. Caution is advised when comparing with 2017 data containing the preliminary modelled estimates."
15,"Effective July 20, 2017, counts for Quebec include the port of entry St. Zacharie, Quebec."
16,"When reporting in PIK instead of E311 declaration cards, note that Canadian residents returning by plane from overseas countries via the United States are observed to have an increased tendency to report that they are returning from the United States and not from overseas via the United States. This results in overreporting of ‘Canadian residents returning from the United States, plane, commercial’ and underreporting of ‘Canadian residents returning from countries other than the United States, air, air via United States’ since . Use caution when analysing these series and the totals to which they contribute where PIK airports are involved (since January 2018)."
17,"With the switch from E311 declaration cards to PIK there have been unexpected increases in numbers of immigrants reported at PIK airports. Users are advised to not rely on Frontier Counts figures of immigrants arriving at PIK airports and the totals to which they contribute where PIK airports are involved (since January 2018). Also, note that Statistics Canada no longer receives comprehensive data on returning former residents."
18,"With the switch from E311 declaration cards to PIK there have been unexpected increases in numbers of crew members reported at PIK airports. Use caution when analysing these series and the totals to which they contribute where PIK airports are involved (since January 2018)."
19,"In 2018, Statistics Canada has been updating its sources of data for counts of overseas residents entering Canada at land ports. Starting with August 2018 data, Statistics Canada implemented a new method for estimating the number of overseas travellers entering Canada at certain land ports. This change affects the total counts of overseas travellers to Canada at these ports. Users are therefore advised to use caution when comparing total counts for overseas travellers to Canada with previous months at land ports."

"Correction ID","Correction Date","Correction Note"

